run,cenario,n_byz,accuracy,n_honestos_no_treino,erros,total,falso_positivo,falso_negativo
1,0,0,0.6391,5,0,5,0,0
1,1,1,0.5355,5,1,5,0,1
1,2,2,0.7118,3,0,5,0,0
1,3,3,0.7058,3,1,5,0,1
2,0,0,0.6904,5,0,5,0,0
2,1,1,0.6997,5,1,5,0,1
2,2,2,0.6235,3,0,5,0,0
2,3,3,0.6062,3,1,5,0,1
3,0,0,0.6255,5,0,5,0,0
3,1,1,0.6613,5,1,5,0,1
3,2,2,0.6596,3,0,5,0,0
3,3,3,0.5718,3,1,5,0,1
4,0,0,0.669,5,0,5,0,0
4,1,1,0.7033,5,1,5,0,1
4,2,2,0.6111,3,0,5,0,0
4,3,3,0.426,3,1,5,0,1
5,0,0,0.5962,5,0,5,0,0
5,1,1,0.5426,5,1,5,0,1
5,2,2,0.7186,3,0,5,0,0
5,3,3,0.618,3,1,5,0,1
6,0,0,0.6935,5,0,5,0,0
6,1,1,0.6205,5,1,5,0,1
6,2,2,0.6441,3,0,5,0,0
6,3,3,0.6984,3,1,5,0,1
7,0,0,0.6791,5,0,5,0,0
7,1,1,0.6169,5,1,5,0,1
7,2,2,0.6458,3,0,5,0,0
7,3,3,0.7099,3,1,5,0,1
8,0,0,0.7101,5,0,5,0,0
8,1,1,0.6021,5,1,5,0,1
8,2,2,0.7204,3,0,5,0,0
8,3,3,0.7033,3,1,5,0,1
9,0,0,0.5629,5,0,5,0,0
9,1,1,0.7241,5,1,5,0,1
9,2,2,0.6577,3,0,5,0,0
9,3,3,0.6738,3,1,5,0,1
10,0,0,0.7214,5,0,5,0,0
10,1,1,0.4954,5,1,5,0,1
10,2,2,0.6171,3,0,5,0,0
10,3,3,0.6939,3,1,5,0,1
